<application>
  <component name="ProjectJdkTable">
    <jdk version="2">
      <name value="Python 3.8 (beginner)" />
      <type value="Python SDK" />
      <version value="Python 3.8.0" />
      <homePath value="D:\PyCharm_Code\beginner\venv\Scripts\python.exe" />
      <roots>
        <classPath>
          <root type="composite">
            <root url="file://$USER_HOME$/AppData/Local/Programs/Python/Python38/DLLs" type="simple" />
            <root url="file://$USER_HOME$/AppData/Local/Programs/Python/Python38/Lib" type="simple" />
            <root url="file://$USER_HOME$/AppData/Local/Programs/Python/Python38" type="simple" />
            <root url="file://D:/PyCharm_Code/beginner/venv" type="simple" />
            <root url="file://D:/PyCharm_Code/beginner/venv/Lib/site-packages" type="simple" />
            <root url="jar://D:/PyCharm_Code/beginner/venv/Lib/site-packages/setuptools-40.8.0-py3.8.egg!/" type="simple" />
            <root url="file://D:/PyCharm_Code/beginner/venv/Lib/site-packages/pip-19.0.3-py3.8.egg" type="simple" />
            <root url="file://$USER_HOME$/AppData/Local/JetBrains/PyCharm2020.2/python_stubs/714567866" type="simple" />
            <root url="file://$APPLICATION_HOME_DIR$/plugins/python/helpers/python-skeletons" type="simple" />
            <root url="file://$APPLICATION_HOME_DIR$/plugins/python/helpers/typeshed/stdlib/3.7" type="simple" />
            <root url="file://$APPLICATION_HOME_DIR$/plugins/python/helpers/typeshed/stdlib/3" type="simple" />
            <root url="file://$APPLICATION_HOME_DIR$/plugins/python/helpers/typeshed/stdlib/2and3" type="simple" />
            <root url="file://$APPLICATION_HOME_DIR$/plugins/python/helpers/typeshed/third_party/3" type="simple" />
            <root url="file://$APPLICATION_HOME_DIR$/plugins/python/helpers/typeshed/third_party/2and3" type="simple" />
          </root>
        </classPath>
        <sourcePath>
          <root type="composite" />
        </sourcePath>
      </roots>
      <additional ASSOCIATED_PROJECT_PATH="D:/PyCharm_Code/beginner" />
    </jdk>
  </component>
</application>